{"cameraMode":{"drawMode":0,"name":"Shaded","section":"Shading Mode"},"sceneLighting":true,"audioPlay":false,"sceneViewState":{"showFog":true,"showMaterialUpdate":true,"showSkybox":true,"showFlares":true,"showImageEffects":true,"showParticleSystems":true},"in2DMode":false,"pivot":{"x":470.8719787597656,"y":240.76138305664063,"z":173.35198974609376},"rotation":{"x":0.023394659161567689,"y":-0.010497193783521653,"z":0.0002456592337694019,"w":0.9996753931045532},"size":772.6533203125,"orthographic":false}