{"cameraMode":{"drawMode":0,"name":"Shaded","section":"Shading Mode"},"sceneLighting":true,"audioPlay":false,"sceneViewState":{"showFog":true,"showMaterialUpdate":true,"showSkybox":true,"showFlares":true,"showImageEffects":true,"showParticleSystems":true},"in2DMode":false,"pivot":{"x":0.21790027618408204,"y":0.6527634859085083,"z":-0.039943695068359378},"rotation":{"x":0.012897584587335587,"y":-0.004499838221818209,"z":0.0000580433479626663,"w":0.999910831451416},"size":21.201129913330079,"orthographic":false}