{"cameraMode":{"drawMode":0,"name":"Shaded","section":"Shading Mode"},"sceneLighting":true,"audioPlay":false,"sceneViewState":{"showFog":true,"showMaterialUpdate":false,"showSkybox":true,"showFlares":true,"showImageEffects":true,"showParticleSystems":true},"in2DMode":false,"pivot":{"x":-49.30563735961914,"y":-38.502628326416019,"z":457.2568664550781},"rotation":{"x":-0.04671870544552803,"y":0.05600624531507492,"z":-0.002623653272166848,"w":-0.9973346590995789},"size":481.69677734375,"orthographic":false}