{"cameraMode":{"drawMode":0,"name":"Shaded","section":"Shading Mode"},"sceneLighting":true,"audioPlay":false,"sceneViewState":{"showFog":true,"showMaterialUpdate":true,"showSkybox":true,"showFlares":true,"showImageEffects":true,"showParticleSystems":true},"in2DMode":false,"pivot":{"x":-39.053253173828128,"y":1.655015230178833,"z":4.99513578414917},"rotation":{"x":-0.16081945598125459,"y":-0.09695589542388916,"z":0.015879672020673753,"w":-0.9821035861968994},"size":54.134620666503909,"orthographic":false}