{"cameraMode":{"drawMode":0,"name":"Shaded","section":"Shading Mode"},"sceneLighting":true,"audioPlay":false,"sceneViewState":{"showFog":true,"showMaterialUpdate":true,"showSkybox":true,"showFlares":true,"showImageEffects":true,"showParticleSystems":true},"in2DMode":false,"pivot":{"x":961.8049926757813,"y":530.7125854492188,"z":-37.899688720703128},"rotation":{"x":0.023394659161567689,"y":-0.010497193783521653,"z":0.0002456592337694019,"w":0.9996753931045532},"size":1074.3250732421875,"orthographic":false}