{"cameraMode":{"drawMode":0,"name":"Shaded","section":"Shading Mode"},"sceneLighting":true,"audioPlay":false,"sceneViewState":{"showFog":true,"showMaterialUpdate":true,"showSkybox":true,"showFlares":true,"showImageEffects":true,"showParticleSystems":true},"in2DMode":false,"pivot":{"x":-0.6356140375137329,"y":12.897211074829102,"z":10.118990898132325},"rotation":{"x":-0.03480219841003418,"y":-0.00989901926368475,"z":0.0003373264626134187,"w":-0.9993717074394226},"size":72.4602279663086,"orthographic":false}