{"cameraMode":{"drawMode":0,"name":"Shaded","section":"Shading Mode"},"sceneLighting":true,"audioPlay":false,"sceneViewState":{"showFog":true,"showMaterialUpdate":true,"showSkybox":true,"showFlares":true,"showImageEffects":true,"showParticleSystems":true},"in2DMode":false,"pivot":{"x":126.80262756347656,"y":-68.72935485839844,"z":-4.011585235595703},"rotation":{"x":0.0338234007358551,"y":-0.9655665159225464,"z":0.19907377660274507,"w":0.16405217349529267},"size":251.0753173828125,"orthographic":false}