{"cameraMode":{"drawMode":0,"name":"Shaded","section":"Shading Mode"},"sceneLighting":true,"audioPlay":false,"sceneViewState":{"showFog":true,"showMaterialUpdate":true,"showSkybox":true,"showFlares":true,"showImageEffects":true,"showParticleSystems":true},"in2DMode":false,"pivot":{"x":432.43548583984377,"y":127.11441802978516,"z":-48.769317626953128},"rotation":{"x":0.002397991484031081,"y":0.0014997856924310327,"z":-0.000003560784080036683,"w":1.0000008344650269},"size":758.0572509765625,"orthographic":false}