{"cameraMode":{"drawMode":0,"name":"Shaded","section":"Shading Mode"},"sceneLighting":true,"audioPlay":false,"sceneViewState":{"showFog":true,"showMaterialUpdate":true,"showSkybox":true,"showFlares":true,"showImageEffects":true,"showParticleSystems":true},"in2DMode":false,"pivot":{"x":516.1981811523438,"y":234.43116760253907,"z":97.01104736328125},"rotation":{"x":0.008397999219596386,"y":-2.3786009251125507e-7,"z":-4.6423591015809509e-7,"w":0.9999708533287048},"size":720.6119995117188,"orthographic":false}