{"cameraMode":{"drawMode":0,"name":"Shaded","section":"Shading Mode"},"sceneLighting":true,"audioPlay":false,"sceneViewState":{"showFog":true,"showMaterialUpdate":false,"showSkybox":true,"showFlares":true,"showImageEffects":true,"showParticleSystems":true},"in2DMode":false,"pivot":{"x":-0.41014760732650759,"y":-1.0491857528686524,"z":-4.783190727233887},"rotation":{"x":-0.2588500678539276,"y":0.39669862389564516,"z":-0.11765040457248688,"w":-0.872806191444397},"size":14.986058235168457,"orthographic":false}