{"cameraMode":{"drawMode":0,"name":"Shaded","section":"Shading Mode"},"sceneLighting":true,"audioPlay":false,"sceneViewState":{"showFog":true,"showMaterialUpdate":false,"showSkybox":true,"showFlares":true,"showImageEffects":true,"showParticleSystems":true},"in2DMode":false,"pivot":{"x":1662.422607421875,"y":180.2039794921875,"z":765.689208984375},"rotation":{"x":-0.41380953788757326,"y":-0.18835769593715669,"z":0.08794206380844116,"w":-0.8863124251365662},"size":699.7836303710938,"orthographic":false}