{"cameraMode":{"drawMode":0,"name":"Shaded","section":"Shading Mode"},"sceneLighting":true,"audioPlay":false,"sceneViewState":{"showFog":true,"showMaterialUpdate":true,"showSkybox":true,"showFlares":true,"showImageEffects":true,"showParticleSystems":true},"in2DMode":false,"pivot":{"x":-9.07305908203125,"y":4.406227111816406,"z":8.210638046264649},"rotation":{"x":-0.034188639372587207,"y":-0.1871841996908188,"z":0.006515384651720524,"w":-0.9817379117012024},"size":9.960107803344727,"orthographic":false}