{"cameraMode":{"drawMode":0,"name":"Shaded","section":"Shading Mode"},"sceneLighting":true,"audioPlay":false,"sceneViewState":{"showFog":true,"showMaterialUpdate":true,"showSkybox":true,"showFlares":true,"showImageEffects":true,"showParticleSystems":true},"in2DMode":false,"pivot":{"x":406.92724609375,"y":250.65621948242188,"z":119.94139099121094},"rotation":{"x":0.012897584587335587,"y":-0.004499838221818209,"z":0.0000580433479626663,"w":0.999910831451416},"size":858.2495727539063,"orthographic":false}