{"cameraMode":{"drawMode":0,"name":"Shaded","section":"Shading Mode"},"sceneLighting":true,"audioPlay":false,"sceneViewState":{"showFog":true,"showMaterialUpdate":true,"showSkybox":true,"showFlares":true,"showImageEffects":true,"showParticleSystems":true},"in2DMode":false,"pivot":{"x":66.06466674804688,"y":-1.4169464111328126,"z":113.13949584960938},"rotation":{"x":0.36144110560417178,"y":0.006992893293499947,"z":-0.0027109049260616304,"w":0.932364821434021},"size":59.589019775390628,"orthographic":false}