{"cameraMode":{"drawMode":0,"name":"Shaded","section":"Shading Mode"},"sceneLighting":true,"audioPlay":false,"sceneViewState":{"showFog":true,"showMaterialUpdate":false,"showSkybox":true,"showFlares":true,"showImageEffects":true,"showParticleSystems":true},"in2DMode":false,"pivot":{"x":6.877741813659668,"y":7.94354248046875,"z":3.290640354156494},"rotation":{"x":0.024890083819627763,"y":-0.02099217101931572,"z":0.0005227619549259543,"w":0.9994711875915527},"size":36.90199279785156,"orthographic":false}