{"cameraMode":{"drawMode":0,"name":"Shaded","section":"Shading Mode"},"sceneLighting":true,"audioPlay":false,"sceneViewState":{"showFog":true,"showMaterialUpdate":false,"showSkybox":true,"showFlares":true,"showImageEffects":true,"showParticleSystems":true},"in2DMode":false,"pivot":{"x":99.86054229736328,"y":84.48788452148438,"z":130.91326904296876},"rotation":{"x":0.10620475560426712,"y":-0.8444051146507263,"z":0.4924858510494232,"w":0.1820969134569168},"size":2004.6978759765625,"orthographic":false}