{"cameraMode":{"drawMode":0,"name":"Shaded","section":"Shading Mode"},"sceneLighting":true,"audioPlay":false,"sceneViewState":{"showFog":true,"showMaterialUpdate":true,"showSkybox":true,"showFlares":true,"showImageEffects":true,"showParticleSystems":true},"in2DMode":false,"pivot":{"x":16.07912254333496,"y":7.481356620788574,"z":-2.4106621742248537},"rotation":{"x":-0.027307240292429925,"y":-0.0009045344777405262,"z":0.000018790637113852426,"w":-0.9996523261070252},"size":15.493213653564454,"orthographic":false}