{"cameraMode":{"drawMode":0,"name":"Shaded","section":"Shading Mode"},"sceneLighting":true,"audioPlay":false,"sceneViewState":{"showFog":true,"showMaterialUpdate":true,"showSkybox":true,"showFlares":true,"showImageEffects":true,"showParticleSystems":true},"in2DMode":false,"pivot":{"x":1089.9034423828125,"y":387.4166259765625,"z":-4.413888931274414},"rotation":{"x":0.023394659161567689,"y":-0.010497193783521653,"z":0.0002456592337694019,"w":0.9996753931045532},"size":850.6868896484375,"orthographic":false}