{"cameraMode":{"drawMode":0,"name":"Shaded","section":"Shading Mode"},"sceneLighting":true,"audioPlay":false,"sceneViewState":{"showFog":true,"showMaterialUpdate":true,"showSkybox":true,"showFlares":true,"showImageEffects":true,"showParticleSystems":true},"in2DMode":false,"pivot":{"x":-54.692955017089847,"y":0.9344770908355713,"z":3.1320996284484865},"rotation":{"x":-0.2692326307296753,"y":0.4612275958061218,"z":-0.1492203027009964,"w":-0.832184374332428},"size":18.472742080688478,"orthographic":false}