{"cameraMode":{"drawMode":0,"name":"Shaded","section":"Shading Mode"},"sceneLighting":false,"audioPlay":false,"sceneViewState":{"showFog":true,"showMaterialUpdate":false,"showSkybox":false,"showFlares":true,"showImageEffects":true,"showParticleSystems":true},"in2DMode":false,"pivot":{"x":0.6011269688606262,"y":-7.294712543487549,"z":2.7639288902282717},"rotation":{"x":-0.28140872716903689,"y":-0.01783508062362671,"z":0.00523136742413044,"w":-0.9594154357910156},"size":9.470266342163086,"orthographic":false}