{"cameraMode":{"drawMode":0,"name":"Shaded","section":"Shading Mode"},"sceneLighting":true,"audioPlay":false,"sceneViewState":{"showFog":true,"showMaterialUpdate":true,"showSkybox":true,"showFlares":true,"showImageEffects":true,"showParticleSystems":true},"in2DMode":false,"pivot":{"x":-13.121298789978028,"y":1.253333568572998,"z":-9.264732360839844},"rotation":{"x":-0.16306892037391663,"y":0.011257396079599858,"z":-0.0018682662630453706,"w":-0.9865538477897644},"size":2.29087233543396,"orthographic":false}