{"cameraMode":{"drawMode":0,"name":"Shaded","section":"Shading Mode"},"sceneLighting":true,"audioPlay":false,"sceneViewState":{"showFog":true,"showMaterialUpdate":false,"showSkybox":false,"showFlares":true,"showImageEffects":true,"showParticleSystems":true},"in2DMode":false,"pivot":{"x":4.592169284820557,"y":3.2029454708099367,"z":-1.4310075044631959},"rotation":{"x":-0.14650596678256989,"y":0.4640195369720459,"z":-0.07813423126935959,"w":-0.8701331615447998},"size":2.8406453132629396,"orthographic":false}