{"cameraMode":{"drawMode":0,"name":"Shaded","section":"Shading Mode"},"sceneLighting":true,"audioPlay":false,"sceneViewState":{"showFog":true,"showMaterialUpdate":true,"showSkybox":true,"showFlares":true,"showImageEffects":true,"showParticleSystems":true},"in2DMode":false,"pivot":{"x":0.0,"y":0.008856654167175293,"z":-2.5857863426208498},"rotation":{"x":-0.24656330049037934,"y":-0.11076261848211289,"z":0.028371639549732209,"w":-0.9623633027076721},"size":10.806832313537598,"orthographic":false}