{"cameraMode":{"drawMode":0,"name":"Shaded","section":"Shading Mode"},"sceneLighting":false,"audioPlay":false,"sceneViewState":{"showFog":true,"showMaterialUpdate":false,"showSkybox":false,"showFlares":true,"showImageEffects":true,"showParticleSystems":true},"in2DMode":false,"pivot":{"x":-10.084178924560547,"y":-7.085122585296631,"z":-3.001342296600342},"rotation":{"x":-0.11512413620948792,"y":0.6925774812698364,"z":-0.11340666562318802,"w":-0.7030226588249207},"size":13.924555778503418,"orthographic":false}