{"cameraMode":{"drawMode":0,"name":"Shaded","section":"Shading Mode"},"sceneLighting":true,"audioPlay":false,"sceneViewState":{"showFog":true,"showMaterialUpdate":false,"showSkybox":false,"showFlares":true,"showImageEffects":true,"showParticleSystems":true},"in2DMode":false,"pivot":{"x":1.29953932762146,"y":1.0781112909317017,"z":-2.448174238204956},"rotation":{"x":-0.28545132279396059,"y":0.04541705921292305,"z":-0.013549045659601689,"w":-0.9572286009788513},"size":2.404283046722412,"orthographic":false}